Candidate_ID,Candidate_Name,Email,Phone,Current_Role,Experience_Years,Education,Location,Skills,Resume_Text
1,Divya Reddy,divya.reddy27@gmail.com,+91-9906402157,Data Scientist,11.3,M.Sc Data Science,Delhi,"TensorFlow, Hadoop, Power BI, Deep Learning, Machine Learning, Airflow, Node.js, Docker, Agile, System Design, C++, TypeScript","Motivated Data Scientist | 11 years exp | Key skills: TensorFlow, Hadoop, Power BI, Deep Learning, Machine Learning. Education: M.Sc Data Science. Strong analytical and communication skills."
2,Riya Kapoor,riya.kapoor30@hotmail.com,+91-8461364854,AI Researcher,9.0,B.Tech Computer Science,London,"Scikit-learn, Node.js, Flask, PyTorch, TensorFlow, GraphQL, Microservices, Django","Dynamic AI Researcher skilled in Scikit-learn, Node.js, Flask, PyTorch, TensorFlow. 9 years of hands-on experience. Graduated from B.Tech Computer Science program. Looking for challenging opportunities."
3,Shruti Das,shruti.das25@hotmail.com,+91-7338444264,Data Engineer,1.1,B.Tech Electronics,Noida,"GCP, Reinforcement Learning, Computer Vision, REST API, Spark, TypeScript, SQL, Deep Learning, Docker, Airflow, TensorFlow, Kafka","Experienced Data Engineer with 1 years of expertise in GCP, Reinforcement Learning, Computer Vision, REST API, Spark. Passionate about building scalable systems and solving complex problems. Strong background in B.Tech Electronics."
4,Yash Roy,yash.roy57@outlook.com,+91-7899825838,AI Researcher,9.7,MBA Analytics,Mumbai,"CI/CD, Microservices, Statistics, SQL, Kafka, Reinforcement Learning, React, Java","Results-driven AI Researcher with 9+ years in the industry. Proficient in CI/CD, Microservices, Statistics, SQL, Kafka. Delivered multiple high-impact projects across domains."
5,Harsh Trivedi,harsh.trivedi97@outlook.com,+91-7240251661,DevOps Engineer,4.4,M.Tech Software Engineering,Delhi,"Deep Learning, FastAPI, Data Analysis, Azure, SQL, Node.js, Spark","Dynamic DevOps Engineer skilled in Deep Learning, FastAPI, Data Analysis, Azure, SQL. 4 years of hands-on experience. Graduated from M.Tech Software Engineering program. Looking for challenging opportunities."
6,Karan Rao,karan.rao43@yahoo.com,+91-8059257080,DevOps Engineer,13.3,B.Tech Electronics,Mumbai,"Java, AWS, Hadoop, Power BI, CI/CD, Data Analysis, REST API, Docker, NumPy, Agile, Problem Solving, TensorFlow","Experienced DevOps Engineer with 13 years of expertise in Java, AWS, Hadoop, Power BI, CI/CD. Passionate about building scalable systems and solving complex problems. Strong background in B.Tech Electronics."
7,Deepa Joshi,deepa.joshi18@hotmail.com,+91-8639042338,Computer Vision Engineer,2.8,PhD Machine Learning,Gurgaon,"Scrum, AWS, C++, Python, Pandas, Java, Azure, Flask, System Design, GCP, Power BI","Results-driven Computer Vision Engineer with 2+ years in the industry. Proficient in Scrum, AWS, C++, Python, Pandas. Delivered multiple high-impact projects across domains."
8,Rohit Sharma,rohit.sharma32@company.com,+91-7457031004,Business Intelligence Analyst,13.2,B.Sc Computer Science,Noida,"Reinforcement Learning, Agile, Kafka, TypeScript, Scikit-learn, REST API, React, Java","Motivated Business Intelligence Analyst | 13 years exp | Key skills: Reinforcement Learning, Agile, Kafka, TypeScript, Scikit-learn. Education: B.Sc Computer Science. Strong analytical and communication skills."
9,Aarav Pillai,aarav.pillai49@yahoo.com,+91-7248786714,AI Researcher,0.8,MBA Analytics,Dubai,"Spark, TensorFlow, DevOps, Problem Solving, SQL, Java, NumPy","Results-driven AI Researcher with 0+ years in the industry. Proficient in Spark, TensorFlow, DevOps, Problem Solving, SQL. Delivered multiple high-impact projects across domains."
10,Ankita Desai,ankita.desai87@hotmail.com,+91-7909666337,Full Stack Developer,2.9,M.Tech Software Engineering,Singapore,"Airflow, CI/CD, TypeScript, Git, Data Analysis, Statistics, REST API, Tableau, Scrum, Computer Vision, Pandas, Kubernetes","Results-driven Full Stack Developer with 2+ years in the industry. Proficient in Airflow, CI/CD, TypeScript, Git, Data Analysis. Delivered multiple high-impact projects across domains."
11,Arjun Menon,arjun.menon38@gmail.com,+91-7304912982,Data Scientist,9.0,M.Sc Data Science,Gurgaon,"Docker, SQL, Deep Learning, Flask","Experienced Data Scientist with 9 years of expertise in Docker, SQL, Deep Learning, Flask. Passionate about building scalable systems and solving complex problems. Strong background in M.Sc Data Science."
12,Pooja Bose,pooja.bose26@company.com,+91-9474810179,NLP Engineer,10.2,M.Sc Data Science,Noida,"Kubernetes, Leadership, Data Visualization, TypeScript, PyTorch, System Design, Power BI, Django, Reinforcement Learning, CI/CD, Communication","Experienced NLP Engineer with 10 years of expertise in Kubernetes, Leadership, Data Visualization, TypeScript, PyTorch. Passionate about building scalable systems and solving complex problems. Strong background in M.Sc Data Science."
13,Rajesh Mehta,rajesh.mehta23@yahoo.com,+91-7822873088,Data Scientist,6.3,MBA Analytics,London,"Java, Tableau, NumPy, Power BI, JavaScript, Azure, Communication","Results-driven Data Scientist with 6+ years in the industry. Proficient in Java, Tableau, NumPy, Power BI, JavaScript. Delivered multiple high-impact projects across domains."
14,Arjun Yadav,arjun.yadav16@company.com,+91-7063384488,Data Engineer,13.0,M.Tech Software Engineering,Hyderabad,"Kubernetes, React, Data Visualization, Problem Solving, Leadership","Results-driven Data Engineer with 13+ years in the industry. Proficient in Kubernetes, React, Data Visualization, Problem Solving, Leadership. Delivered multiple high-impact projects across domains."
15,Zara Kumar,zara.kumar68@outlook.com,+91-8816803306,Software Engineer,6.0,PhD Machine Learning,Chennai,"System Design, DevOps, Problem Solving, Scikit-learn, TypeScript, GCP, Node.js, NLP, Hadoop, Java, Computer Vision, FastAPI","Experienced Software Engineer with 6 years of expertise in System Design, DevOps, Problem Solving, Scikit-learn, TypeScript. Passionate about building scalable systems and solving complex problems. Strong background in PhD Machine Learning."
16,Ananya Desai,ananya.desai17@company.com,+91-7344076115,Full Stack Developer,13.8,M.Tech Software Engineering,Mumbai,"SQL, Kafka, Airflow, Microservices, Kubernetes, Data Analysis","Experienced Full Stack Developer with 13 years of expertise in SQL, Kafka, Airflow, Microservices, Kubernetes. Passionate about building scalable systems and solving complex problems. Strong background in M.Tech Software Engineering."
17,Kavya Bose,kavya.bose63@company.com,+91-9427631155,Cloud Architect,9.1,B.Tech AI & Data Science,Hyderabad,"FastAPI, AWS, Node.js, System Design, Airflow, Kubernetes, DevOps, Data Analysis, NumPy, Git, Communication, Microservices","Experienced Cloud Architect with 9 years of expertise in FastAPI, AWS, Node.js, System Design, Airflow. Passionate about building scalable systems and solving complex problems. Strong background in B.Tech AI & Data Science."
18,Aarav Trivedi,aarav.trivedi78@yahoo.com,+91-9172758220,Cloud Architect,15.0,M.Tech AI/ML,Hyderabad,"NumPy, Django, SQL, Kubernetes, REST API, GCP, React, Tableau","Motivated Cloud Architect | 15 years exp | Key skills: NumPy, Django, SQL, Kubernetes, REST API. Education: M.Tech AI/ML. Strong analytical and communication skills."
19,Amit Mukherjee,amit.mukherjee95@company.com,+91-8285821930,Cloud Architect,14.8,M.Tech Software Engineering,Bangalore,"NumPy, AWS, Pandas, PyTorch, C++","Results-driven Cloud Architect with 14+ years in the industry. Proficient in NumPy, AWS, Pandas, PyTorch, C++. Delivered multiple high-impact projects across domains."
20,Omkar Chatterjee,omkar.chatterjee97@outlook.com,+91-9170715377,Cloud Architect,3.6,MBA Analytics,Delhi,"AWS, NLP, TensorFlow, Reinforcement Learning, Power BI, Azure, Deep Learning, Python, Flask, NumPy, Airflow","Results-driven Cloud Architect with 3+ years in the industry. Proficient in AWS, NLP, TensorFlow, Reinforcement Learning, Power BI. Delivered multiple high-impact projects across domains."
21,Kunal Yadav,kunal.yadav24@gmail.com,+91-9967906665,Full Stack Developer,10.7,M.Tech Software Engineering,Bangalore,"Java, Deep Learning, REST API, Hadoop, C++, Scikit-learn","Senior Full Stack Developer with deep expertise in Java, Deep Learning, REST API, Hadoop, C++. 10 years of professional experience. Committed to data-driven decision making."
22,Farhan Singh,farhan.singh55@yahoo.com,+91-9929454134,NLP Engineer,5.8,B.Tech Computer Science,Dubai,"System Design, PyTorch, Django, C++, Data Visualization, Computer Vision, Scikit-learn","Results-driven NLP Engineer with 5+ years in the industry. Proficient in System Design, PyTorch, Django, C++, Data Visualization. Delivered multiple high-impact projects across domains."
23,Harsh Iyer,harsh.iyer52@hotmail.com,+91-9877229210,Deep Learning Researcher,6.5,B.E. Information Technology,San Francisco,"Azure, React, CI/CD, PyTorch, GraphQL, Deep Learning, Leadership","Results-driven Deep Learning Researcher with 6+ years in the industry. Proficient in Azure, React, CI/CD, PyTorch, GraphQL. Delivered multiple high-impact projects across domains."
24,Jaya Trivedi,jaya.trivedi13@yahoo.com,+91-8711398352,Backend Developer,4.9,M.Sc Data Science,Delhi,"Azure, SQL, Airflow, Django, Statistics, Agile, Data Analysis, Java, Flask","Experienced Backend Developer with 4 years of expertise in Azure, SQL, Airflow, Django, Statistics. Passionate about building scalable systems and solving complex problems. Strong background in M.Sc Data Science."
25,Deepa Das,deepa.das23@company.com,+91-8866437132,Software Engineer,8.9,B.Sc Computer Science,Bangalore,"Airflow, FastAPI, Power BI, Kafka, Agile, Pandas, GraphQL, Spark, TypeScript","Dynamic Software Engineer skilled in Airflow, FastAPI, Power BI, Kafka, Agile. 8 years of hands-on experience. Graduated from B.Sc Computer Science program. Looking for challenging opportunities."
26,Akash Shukla,akash.shukla95@yahoo.com,+91-8564319318,Data Scientist,8.0,M.Tech Software Engineering,Remote,"SQL, System Design, Flask, Computer Vision, FastAPI, Pandas, Git, Agile, Reinforcement Learning, Data Visualization","Dynamic Data Scientist skilled in SQL, System Design, Flask, Computer Vision, FastAPI. 8 years of hands-on experience. Graduated from M.Tech Software Engineering program. Looking for challenging opportunities."
27,Zara Chatterjee,zara.chatterjee58@yahoo.com,+91-9643616431,Full Stack Developer,2.3,PhD Machine Learning,Remote,"Data Analysis, C++, Python, Git, GCP, Node.js, Power BI, Hadoop","Motivated Full Stack Developer | 2 years exp | Key skills: Data Analysis, C++, Python, Git, GCP. Education: PhD Machine Learning. Strong analytical and communication skills."
28,Suresh Pillai,suresh.pillai70@yahoo.com,+91-9829742424,AI Researcher,6.9,M.Sc Data Science,Noida,"GCP, Agile, System Design, Reinforcement Learning, Computer Vision","Dynamic AI Researcher skilled in GCP, Agile, System Design, Reinforcement Learning, Computer Vision. 6 years of hands-on experience. Graduated from M.Sc Data Science program. Looking for challenging opportunities."
29,Bhavna Bose,bhavna.bose13@gmail.com,+91-8051590706,Computer Vision Engineer,5.0,M.Sc Data Science,Mumbai,"Computer Vision, SQL, Communication, Data Visualization, Reinforcement Learning, Spark, TypeScript, GraphQL, Problem Solving, Data Analysis, Kubernetes","Results-driven Computer Vision Engineer with 5+ years in the industry. Proficient in Computer Vision, SQL, Communication, Data Visualization, Reinforcement Learning. Delivered multiple high-impact projects across domains."
30,Suresh Sharma,suresh.sharma64@yahoo.com,+91-7755427535,Deep Learning Researcher,11.4,M.Tech AI/ML,London,"Communication, NLP, C++, Kubernetes, Pandas, Airflow, NumPy, Statistics, Scrum, CI/CD, FastAPI, Tableau","Motivated Deep Learning Researcher | 11 years exp | Key skills: Communication, NLP, C++, Kubernetes, Pandas. Education: M.Tech AI/ML. Strong analytical and communication skills."
31,Pallavi Shukla,pallavi.shukla30@hotmail.com,+91-8933034905,Python Developer,13.6,B.Tech Electronics,Dubai,"Kubernetes, Reinforcement Learning, Azure, Scrum, Problem Solving, DevOps, Airflow, CI/CD","Senior Python Developer with deep expertise in Kubernetes, Reinforcement Learning, Azure, Scrum, Problem Solving. 13 years of professional experience. Committed to data-driven decision making."
32,Arjun Chatterjee,arjun.chatterjee79@gmail.com,+91-7594312071,Data Analyst,4.4,MBA Analytics,Dubai,"Docker, GraphQL, CI/CD, Scikit-learn, Node.js, SQL","Senior Data Analyst with deep expertise in Docker, GraphQL, CI/CD, Scikit-learn, Node.js. 4 years of professional experience. Committed to data-driven decision making."
33,Riya Menon,riya.menon63@hotmail.com,+91-9508601974,Full Stack Developer,7.3,B.Tech Computer Science,Delhi,"Spark, GraphQL, Leadership, Python","Dynamic Full Stack Developer skilled in Spark, GraphQL, Leadership, Python. 7 years of hands-on experience. Graduated from B.Tech Computer Science program. Looking for challenging opportunities."
34,Rahul Pandey,rahul.pandey79@company.com,+91-7947206476,Python Developer,13.4,PhD Machine Learning,Noida,"Docker, Azure, Power BI, Problem Solving, Machine Learning, GraphQL, Flask, Data Analysis, React, Communication, NumPy","Motivated Python Developer | 13 years exp | Key skills: Docker, Azure, Power BI, Problem Solving, Machine Learning. Education: PhD Machine Learning. Strong analytical and communication skills."
35,Simran Patel,simran.patel13@gmail.com,+91-9760588734,Deep Learning Researcher,6.2,B.Tech AI & Data Science,Remote,"NumPy, Communication, JavaScript, NLP, AWS, GraphQL, FastAPI, Node.js, DevOps, Reinforcement Learning","Dynamic Deep Learning Researcher skilled in NumPy, Communication, JavaScript, NLP, AWS. 6 years of hands-on experience. Graduated from B.Tech AI & Data Science program. Looking for challenging opportunities."
36,Tara Pandey,tara.pandey20@hotmail.com,+91-7083250566,NLP Engineer,11.4,PhD Machine Learning,Chennai,"NLP, Django, Docker, Statistics, SQL, Microservices, Deep Learning, Machine Learning, Kubernetes, TypeScript, Computer Vision, Scikit-learn","Results-driven NLP Engineer with 11+ years in the industry. Proficient in NLP, Django, Docker, Statistics, SQL. Delivered multiple high-impact projects across domains."
37,Farhan Desai,farhan.desai99@outlook.com,+91-8584392711,Computer Vision Engineer,2.2,M.Sc Data Science,Ahmedabad,"Kafka, Airflow, Pandas, React, Git, PyTorch","Motivated Computer Vision Engineer | 2 years exp | Key skills: Kafka, Airflow, Pandas, React, Git. Education: M.Sc Data Science. Strong analytical and communication skills."
38,Aditi Mukherjee,aditi.mukherjee35@gmail.com,+91-9543040948,Cloud Architect,10.3,PhD Machine Learning,Kolkata,"PyTorch, CI/CD, Git, Microservices, Kafka, Pandas, Spark","Experienced Cloud Architect with 10 years of expertise in PyTorch, CI/CD, Git, Microservices, Kafka. Passionate about building scalable systems and solving complex problems. Strong background in PhD Machine Learning."
39,Uday Shukla,uday.shukla53@gmail.com,+91-8804138557,Computer Vision Engineer,5.9,M.Tech Software Engineering,Remote,"PyTorch, Power BI, REST API, Reinforcement Learning, Communication, Scikit-learn, DevOps, JavaScript, Scrum, Azure, Java","Senior Computer Vision Engineer with deep expertise in PyTorch, Power BI, REST API, Reinforcement Learning, Communication. 5 years of professional experience. Committed to data-driven decision making."
40,Rohit Shukla,rohit.shukla41@gmail.com,+91-8197987692,Python Developer,11.1,B.Sc Computer Science,Pune,"Kubernetes, Communication, Spark, Computer Vision, System Design, GraphQL, Flask, Machine Learning, Problem Solving, FastAPI, JavaScript","Senior Python Developer with deep expertise in Kubernetes, Communication, Spark, Computer Vision, System Design. 11 years of professional experience. Committed to data-driven decision making."
41,Karan Agarwal,karan.agarwal86@outlook.com,+91-9387104291,Data Engineer,4.2,B.Sc Computer Science,Dubai,"Scrum, TypeScript, TensorFlow, Kubernetes","Senior Data Engineer with deep expertise in Scrum, TypeScript, TensorFlow, Kubernetes. 4 years of professional experience. Committed to data-driven decision making."
42,Dev Bose,dev.bose12@gmail.com,+91-8263732197,Business Intelligence Analyst,7.4,B.Tech Electronics,Ahmedabad,"Data Analysis, CI/CD, Kubernetes, Git, System Design, Hadoop, REST API","Senior Business Intelligence Analyst with deep expertise in Data Analysis, CI/CD, Kubernetes, Git, System Design. 7 years of professional experience. Committed to data-driven decision making."
43,Aditya Agarwal,aditya.agarwal55@hotmail.com,+91-8163577186,DevOps Engineer,15.0,M.Tech Software Engineering,Pune,"AWS, Docker, Pandas, TypeScript, FastAPI, CI/CD, Java, JavaScript","Results-driven DevOps Engineer with 15+ years in the industry. Proficient in AWS, Docker, Pandas, TypeScript, FastAPI. Delivered multiple high-impact projects across domains."
44,Karan Desai,karan.desai46@gmail.com,+91-7833728665,NLP Engineer,11.0,M.Tech Software Engineering,Gurgaon,"Docker, REST API, JavaScript, Git, Python, Java, NumPy, Azure","Experienced NLP Engineer with 11 years of expertise in Docker, REST API, JavaScript, Git, Python. Passionate about building scalable systems and solving complex problems. Strong background in M.Tech Software Engineering."
45,Ananya Chatterjee,ananya.chatterjee11@company.com,+91-8221228113,Business Intelligence Analyst,14.2,B.Tech Electronics,Hyderabad,"Leadership, Tableau, Flask, JavaScript, NLP, AWS, Airflow, Pandas, SQL, Data Analysis, Problem Solving","Experienced Business Intelligence Analyst with 14 years of expertise in Leadership, Tableau, Flask, JavaScript, NLP. Passionate about building scalable systems and solving complex problems. Strong background in B.Tech Electronics."
46,Kavya Kumar,kavya.kumar20@yahoo.com,+91-7508745584,Software Engineer,2.7,B.Tech AI & Data Science,Chennai,"Data Visualization, Kafka, DevOps, Computer Vision, Docker, Scrum, GraphQL, Tableau, Microservices, Git, Power BI, Hadoop","Motivated Software Engineer | 2 years exp | Key skills: Data Visualization, Kafka, DevOps, Computer Vision, Docker. Education: B.Tech AI & Data Science. Strong analytical and communication skills."
47,Vikram Kumar,vikram.kumar36@yahoo.com,+91-8136646449,Cloud Architect,14.4,M.Tech AI/ML,London,"React, Kubernetes, JavaScript, C++, SQL","Results-driven Cloud Architect with 14+ years in the industry. Proficient in React, Kubernetes, JavaScript, C++, SQL. Delivered multiple high-impact projects across domains."
48,Aarav Mishra,aarav.mishra14@yahoo.com,+91-8237401063,AI Researcher,10.5,B.Tech Electronics,Chennai,"CI/CD, Communication, SQL, Microservices, Docker, AWS, Reinforcement Learning, Hadoop","Results-driven AI Researcher with 10+ years in the industry. Proficient in CI/CD, Communication, SQL, Microservices, Docker. Delivered multiple high-impact projects across domains."
49,Siddharth Reddy,siddharth.reddy44@yahoo.com,+91-7306702926,Full Stack Developer,3.8,B.E. Information Technology,Dubai,"React, Git, Kafka, Spark","Dynamic Full Stack Developer skilled in React, Git, Kafka, Spark. 3 years of hands-on experience. Graduated from B.E. Information Technology program. Looking for challenging opportunities."
50,Meera Reddy,meera.reddy74@company.com,+91-9120834317,AI Researcher,10.5,PhD Machine Learning,Chennai,"TensorFlow, Kafka, Deep Learning, Power BI, FastAPI, DevOps, AWS, Machine Learning, Airflow, Docker, Spark","Motivated AI Researcher | 10 years exp | Key skills: TensorFlow, Kafka, Deep Learning, Power BI, FastAPI. Education: PhD Machine Learning. Strong analytical and communication skills."
51,Aditi Roy,aditi.roy76@hotmail.com,+91-8194673401,Cloud Architect,1.1,B.E. Information Technology,Ahmedabad,"Hadoop, Power BI, Reinforcement Learning, Problem Solving, TensorFlow, Leadership","Dynamic Cloud Architect skilled in Hadoop, Power BI, Reinforcement Learning, Problem Solving, TensorFlow. 1 years of hands-on experience. Graduated from B.E. Information Technology program. Looking for challenging opportunities."
52,Riya Menon,riya.menon62@hotmail.com,+91-8237886015,Backend Developer,10.2,B.E. Information Technology,Pune,"C++, Deep Learning, Communication, TensorFlow, FastAPI, AWS, System Design, Pandas, Data Analysis, Agile","Experienced Backend Developer with 10 years of expertise in C++, Deep Learning, Communication, TensorFlow, FastAPI. Passionate about building scalable systems and solving complex problems. Strong background in B.E. Information Technology."
53,Ankita Trivedi,ankita.trivedi89@hotmail.com,+91-9686110098,DevOps Engineer,1.3,M.Tech Software Engineering,Pune,"NLP, Node.js, Azure, C++, NumPy, GCP, Tableau, Problem Solving, Pandas, Machine Learning, Kubernetes","Results-driven DevOps Engineer with 1+ years in the industry. Proficient in NLP, Node.js, Azure, C++, NumPy. Delivered multiple high-impact projects across domains."
54,Rahul Sharma,rahul.sharma24@hotmail.com,+91-7504513251,Full Stack Developer,6.4,M.Sc Data Science,Singapore,"Problem Solving, DevOps, GCP, Agile, Azure, Data Visualization","Senior Full Stack Developer with deep expertise in Problem Solving, DevOps, GCP, Agile, Azure. 6 years of professional experience. Committed to data-driven decision making."
55,Aisha Bose,aisha.bose86@company.com,+91-7586298866,AI Researcher,8.5,PhD Machine Learning,Delhi,"Azure, Data Visualization, Flask, Agile, Python","Dynamic AI Researcher skilled in Azure, Data Visualization, Flask, Agile, Python. 8 years of hands-on experience. Graduated from PhD Machine Learning program. Looking for challenging opportunities."
56,Pallavi Mukherjee,pallavi.mukherjee29@hotmail.com,+91-9313185971,Python Developer,9.0,B.Tech Electronics,Singapore,"Django, Flask, C++, Java, GraphQL, Communication, FastAPI, TypeScript, Kubernetes, Spark, System Design","Results-driven Python Developer with 9+ years in the industry. Proficient in Django, Flask, C++, Java, GraphQL. Delivered multiple high-impact projects across domains."
57,Vivek Mishra,vivek.mishra58@hotmail.com,+91-9850521812,Data Scientist,5.1,B.Tech Electronics,San Francisco,"Problem Solving, Deep Learning, NumPy, Agile, Hadoop, Flask","Experienced Data Scientist with 5 years of expertise in Problem Solving, Deep Learning, NumPy, Agile, Hadoop. Passionate about building scalable systems and solving complex problems. Strong background in B.Tech Electronics."
58,Meera Mehta,meera.mehta28@hotmail.com,+91-9812264367,Full Stack Developer,13.7,B.Tech Computer Science,San Francisco,"SQL, Leadership, AWS, Flask, Computer Vision, Data Analysis","Experienced Full Stack Developer with 13 years of expertise in SQL, Leadership, AWS, Flask, Computer Vision. Passionate about building scalable systems and solving complex problems. Strong background in B.Tech Computer Science."
59,Tanvi Pandey,tanvi.pandey79@gmail.com,+91-9651968205,Backend Developer,9.6,B.Tech Electronics,Singapore,"Kubernetes, Reinforcement Learning, Microservices, GCP, Docker","Experienced Backend Developer with 9 years of expertise in Kubernetes, Reinforcement Learning, Microservices, GCP, Docker. Passionate about building scalable systems and solving complex problems. Strong background in B.Tech Electronics."
60,Siddharth Mehta,siddharth.mehta31@outlook.com,+91-7124327519,Data Engineer,9.7,M.Tech AI/ML,Ahmedabad,"FastAPI, NLP, GCP, Django","Dynamic Data Engineer skilled in FastAPI, NLP, GCP, Django. 9 years of hands-on experience. Graduated from M.Tech AI/ML program. Looking for challenging opportunities."
61,Siddharth Joshi,siddharth.joshi33@yahoo.com,+91-7751917162,Data Analyst,8.2,B.Tech AI & Data Science,Remote,"Computer Vision, GraphQL, Microservices, Kubernetes, Problem Solving","Motivated Data Analyst | 8 years exp | Key skills: Computer Vision, GraphQL, Microservices, Kubernetes, Problem Solving. Education: B.Tech AI & Data Science. Strong analytical and communication skills."
62,Gaurav Kapoor,gaurav.kapoor95@gmail.com,+91-8998247509,AI Researcher,9.7,B.Tech Electronics,Chennai,"Microservices, Java, React, SQL, Tableau, Django, Hadoop, Git","Senior AI Researcher with deep expertise in Microservices, Java, React, SQL, Tableau. 9 years of professional experience. Committed to data-driven decision making."
63,Sneha Das,sneha.das71@gmail.com,+91-8018790736,AI Researcher,12.8,M.Sc Data Science,Kolkata,"Spark, Django, Airflow, GCP, Microservices, Machine Learning, Data Analysis, Azure, Python, CI/CD","Experienced AI Researcher with 12 years of expertise in Spark, Django, Airflow, GCP, Microservices. Passionate about building scalable systems and solving complex problems. Strong background in M.Sc Data Science."
64,Shruti Rao,shruti.rao39@company.com,+91-8513206988,Python Developer,13.6,B.Sc Computer Science,London,"Reinforcement Learning, TypeScript, Computer Vision, AWS, System Design, NumPy, Airflow","Experienced Python Developer with 13 years of expertise in Reinforcement Learning, TypeScript, Computer Vision, AWS, System Design. Passionate about building scalable systems and solving complex problems. Strong background in B.Sc Computer Science."
65,Divya Singh,divya.singh56@yahoo.com,+91-7387119894,NLP Engineer,11.9,B.Tech Computer Science,Gurgaon,"FastAPI, Data Visualization, JavaScript, TypeScript, NumPy, Java, REST API, Scrum","Motivated NLP Engineer | 11 years exp | Key skills: FastAPI, Data Visualization, JavaScript, TypeScript, NumPy. Education: B.Tech Computer Science. Strong analytical and communication skills."
66,Omkar Shah,omkar.shah47@outlook.com,+91-7494650131,NLP Engineer,13.8,B.Tech Electronics,London,"SQL, Scikit-learn, Docker, Microservices, Data Analysis, C++, REST API, TensorFlow, System Design, Python, AWS","Motivated NLP Engineer | 13 years exp | Key skills: SQL, Scikit-learn, Docker, Microservices, Data Analysis. Education: B.Tech Electronics. Strong analytical and communication skills."
67,Deepa Trivedi,deepa.trivedi58@outlook.com,+91-7465342967,Backend Developer,10.3,B.Sc Computer Science,Gurgaon,"Leadership, Machine Learning, Computer Vision, C++, FastAPI, CI/CD, Docker","Experienced Backend Developer with 10 years of expertise in Leadership, Machine Learning, Computer Vision, C++, FastAPI. Passionate about building scalable systems and solving complex problems. Strong background in B.Sc Computer Science."
68,Divya Trivedi,divya.trivedi27@gmail.com,+91-7159824875,Deep Learning Researcher,10.7,PhD Machine Learning,Hyderabad,"Problem Solving, Pandas, PyTorch, Kubernetes, Java, NumPy, GraphQL, Communication","Dynamic Deep Learning Researcher skilled in Problem Solving, Pandas, PyTorch, Kubernetes, Java. 10 years of hands-on experience. Graduated from PhD Machine Learning program. Looking for challenging opportunities."
69,Ankita Mishra,ankita.mishra63@gmail.com,+91-9101729519,Cloud Architect,11.3,B.E. Information Technology,Dubai,"Azure, Deep Learning, CI/CD, REST API, Node.js, Tableau, Statistics, Kubernetes, Microservices, PyTorch","Dynamic Cloud Architect skilled in Azure, Deep Learning, CI/CD, REST API, Node.js. 11 years of hands-on experience. Graduated from B.E. Information Technology program. Looking for challenging opportunities."
70,Simran Agarwal,simran.agarwal68@gmail.com,+91-9846570058,Data Scientist,6.3,M.Sc Data Science,Hyderabad,"Statistics, Reinforcement Learning, Kafka, Machine Learning, NLP, Flask, Kubernetes","Results-driven Data Scientist with 6+ years in the industry. Proficient in Statistics, Reinforcement Learning, Kafka, Machine Learning, NLP. Delivered multiple high-impact projects across domains."
71,Kavya Malhotra,kavya.malhotra85@yahoo.com,+91-8000721711,ML Engineer,12.5,M.Tech Software Engineering,Delhi,"Scikit-learn, Kafka, Python, Azure, Airflow, NumPy, Java, AWS, JavaScript","Experienced ML Engineer with 12 years of expertise in Scikit-learn, Kafka, Python, Azure, Airflow. Passionate about building scalable systems and solving complex problems. Strong background in M.Tech Software Engineering."
72,Ankita Patel,ankita.patel51@gmail.com,+91-7748381742,Software Engineer,0.7,M.Sc Data Science,Gurgaon,"NLP, NumPy, Data Visualization, Scrum, Pandas, SQL, Leadership, Tableau","Dynamic Software Engineer skilled in NLP, NumPy, Data Visualization, Scrum, Pandas. 0 years of hands-on experience. Graduated from M.Sc Data Science program. Looking for challenging opportunities."
73,Pooja Mehta,pooja.mehta94@company.com,+91-8295492409,AI Researcher,7.8,B.Tech AI & Data Science,Bangalore,"Statistics, Machine Learning, NLP, Leadership, Data Analysis, Power BI, PyTorch, Problem Solving, Tableau, SQL, TensorFlow","Dynamic AI Researcher skilled in Statistics, Machine Learning, NLP, Leadership, Data Analysis. 7 years of hands-on experience. Graduated from B.Tech AI & Data Science program. Looking for challenging opportunities."
74,Shruti Joshi,shruti.joshi84@company.com,+91-8396660850,ML Engineer,2.3,B.Tech AI & Data Science,Remote,"Kafka, Scrum, GCP, Communication, Agile, Airflow, Power BI, PyTorch, Pandas, C++","Results-driven ML Engineer with 2+ years in the industry. Proficient in Kafka, Scrum, GCP, Communication, Agile. Delivered multiple high-impact projects across domains."
75,Siddharth Yadav,siddharth.yadav68@hotmail.com,+91-8786661942,Deep Learning Researcher,3.8,MBA Analytics,Singapore,"FastAPI, Power BI, System Design, AWS, REST API","Results-driven Deep Learning Researcher with 3+ years in the industry. Proficient in FastAPI, Power BI, System Design, AWS, REST API. Delivered multiple high-impact projects across domains."
76,Rajesh Desai,rajesh.desai65@gmail.com,+91-8600506062,ML Engineer,1.8,M.Tech AI/ML,Hyderabad,"C++, NLP, Hadoop, Airflow, Microservices, Flask","Experienced ML Engineer with 1 years of expertise in C++, NLP, Hadoop, Airflow, Microservices. Passionate about building scalable systems and solving complex problems. Strong background in M.Tech AI/ML."
77,Riya Agarwal,riya.agarwal16@outlook.com,+91-9578741716,Python Developer,10.1,PhD Machine Learning,Singapore,"Django, PyTorch, Spark, Agile, Node.js, Scikit-learn, Leadership, Docker","Experienced Python Developer with 10 years of expertise in Django, PyTorch, Spark, Agile, Node.js. Passionate about building scalable systems and solving complex problems. Strong background in PhD Machine Learning."
78,Uday Saxena,uday.saxena64@company.com,+91-9670283403,ML Engineer,11.6,B.Tech AI & Data Science,Delhi,"Machine Learning, Kafka, System Design, Azure, Airflow, JavaScript, Microservices, Git, Flask, Django, Python, Statistics","Results-driven ML Engineer with 11+ years in the industry. Proficient in Machine Learning, Kafka, System Design, Azure, Airflow. Delivered multiple high-impact projects across domains."
79,Kavya Tiwari,kavya.tiwari77@yahoo.com,+91-8615742667,ML Engineer,2.6,B.Tech Computer Science,Hyderabad,"Communication, Flask, React, REST API, Git, FastAPI, Spark, Kafka, TensorFlow, NLP","Results-driven ML Engineer with 2+ years in the industry. Proficient in Communication, Flask, React, REST API, Git. Delivered multiple high-impact projects across domains."
80,Harsh Kumar,harsh.kumar64@hotmail.com,+91-9607371597,Computer Vision Engineer,1.7,B.Tech Electronics,Remote,"Data Visualization, Azure, Node.js, Agile, Pandas, Django, Power BI, System Design, GCP, Hadoop, Problem Solving","Motivated Computer Vision Engineer | 1 years exp | Key skills: Data Visualization, Azure, Node.js, Agile, Pandas. Education: B.Tech Electronics. Strong analytical and communication skills."
81,Ankita Mukherjee,ankita.mukherjee10@yahoo.com,+91-8294586283,Data Scientist,3.7,B.Tech AI & Data Science,Bangalore,"NumPy, AWS, GCP, FastAPI, Pandas, Python, Problem Solving","Senior Data Scientist with deep expertise in NumPy, AWS, GCP, FastAPI, Pandas. 3 years of professional experience. Committed to data-driven decision making."
82,Ishaan Nair,ishaan.nair81@outlook.com,+91-7309561891,DevOps Engineer,8.2,M.Sc Data Science,Noida,"Deep Learning, Power BI, Machine Learning, Communication, SQL, FastAPI, Spark, DevOps, Reinforcement Learning, Data Analysis","Senior DevOps Engineer with deep expertise in Deep Learning, Power BI, Machine Learning, Communication, SQL. 8 years of professional experience. Committed to data-driven decision making."
83,Priya Reddy,priya.reddy89@hotmail.com,+91-9961852565,DevOps Engineer,0.8,MBA Analytics,Mumbai,"TensorFlow, Power BI, PyTorch, Kubernetes, DevOps, Hadoop, Data Analysis, Scrum, Airflow","Senior DevOps Engineer with deep expertise in TensorFlow, Power BI, PyTorch, Kubernetes, DevOps. 0 years of professional experience. Committed to data-driven decision making."
84,Rahul Menon,rahul.menon75@gmail.com,+91-9278930366,Data Analyst,5.3,B.E. Information Technology,Hyderabad,"TypeScript, Django, DevOps, Statistics, Scikit-learn, Kubernetes, PyTorch, System Design, AWS, Airflow, JavaScript, Computer Vision","Experienced Data Analyst with 5 years of expertise in TypeScript, Django, DevOps, Statistics, Scikit-learn. Passionate about building scalable systems and solving complex problems. Strong background in B.E. Information Technology."
85,Ishaan Rao,ishaan.rao97@company.com,+91-9761628889,AI Researcher,11.4,B.Tech AI & Data Science,Ahmedabad,"Reinforcement Learning, FastAPI, Scikit-learn, Tableau, SQL, Leadership, Microservices, Git, Azure","Motivated AI Researcher | 11 years exp | Key skills: Reinforcement Learning, FastAPI, Scikit-learn, Tableau, SQL. Education: B.Tech AI & Data Science. Strong analytical and communication skills."
86,Ananya Agarwal,ananya.agarwal14@gmail.com,+91-8583715924,Full Stack Developer,1.6,B.Tech Electronics,Ahmedabad,"SQL, Statistics, TensorFlow, Computer Vision, Kafka, Agile, GraphQL, Communication","Motivated Full Stack Developer | 1 years exp | Key skills: SQL, Statistics, TensorFlow, Computer Vision, Kafka. Education: B.Tech Electronics. Strong analytical and communication skills."
87,Aditya Singh,aditya.singh34@outlook.com,+91-9598480273,AI Researcher,13.7,B.Tech AI & Data Science,Remote,"Agile, Scikit-learn, NLP, Tableau, PyTorch, Flask, TensorFlow, Airflow, JavaScript, Deep Learning, Kubernetes","Senior AI Researcher with deep expertise in Agile, Scikit-learn, NLP, Tableau, PyTorch. 13 years of professional experience. Committed to data-driven decision making."
88,Meera Shah,meera.shah62@outlook.com,+91-9915843503,Backend Developer,5.9,B.Sc Computer Science,Kolkata,"Reinforcement Learning, Statistics, Flask, SQL","Dynamic Backend Developer skilled in Reinforcement Learning, Statistics, Flask, SQL. 5 years of hands-on experience. Graduated from B.Sc Computer Science program. Looking for challenging opportunities."
89,Chirag Pandey,chirag.pandey29@outlook.com,+91-7350048353,NLP Engineer,4.2,B.Tech AI & Data Science,Singapore,"Django, Git, Statistics, System Design, Data Analysis, NumPy","Motivated NLP Engineer | 4 years exp | Key skills: Django, Git, Statistics, System Design, Data Analysis. Education: B.Tech AI & Data Science. Strong analytical and communication skills."
90,Amit Gupta,amit.gupta26@company.com,+91-7401377436,NLP Engineer,8.6,MBA Analytics,Singapore,"Agile, REST API, Machine Learning, DevOps, Git, JavaScript, Node.js, Flask, Problem Solving, TypeScript","Results-driven NLP Engineer with 8+ years in the industry. Proficient in Agile, REST API, Machine Learning, DevOps, Git. Delivered multiple high-impact projects across domains."
91,Farhan Joshi,farhan.joshi79@company.com,+91-7162124225,ML Engineer,4.8,M.Tech AI/ML,Noida,"Computer Vision, NumPy, Kafka, GraphQL, Scikit-learn, React, JavaScript, Airflow, Statistics","Senior ML Engineer with deep expertise in Computer Vision, NumPy, Kafka, GraphQL, Scikit-learn. 4 years of professional experience. Committed to data-driven decision making."
92,Akash Mishra,akash.mishra88@outlook.com,+91-8928130926,Backend Developer,10.3,M.Sc Data Science,Ahmedabad,"Java, Kubernetes, Git, Leadership, TypeScript, REST API, Spark","Senior Backend Developer with deep expertise in Java, Kubernetes, Git, Leadership, TypeScript. 10 years of professional experience. Committed to data-driven decision making."
93,Rohit Chatterjee,rohit.chatterjee30@yahoo.com,+91-9597009738,Data Engineer,6.0,M.Tech Software Engineering,Kolkata,"AWS, NLP, Statistics, Leadership, REST API, C++","Experienced Data Engineer with 6 years of expertise in AWS, NLP, Statistics, Leadership, REST API. Passionate about building scalable systems and solving complex problems. Strong background in M.Tech Software Engineering."
94,Amit Reddy,amit.reddy67@company.com,+91-7632857647,NLP Engineer,1.7,B.E. Information Technology,Chennai,"TensorFlow, Docker, Tableau, Django, Machine Learning, Data Visualization, NLP, Data Analysis, Agile, REST API","Results-driven NLP Engineer with 1+ years in the industry. Proficient in TensorFlow, Docker, Tableau, Django, Machine Learning. Delivered multiple high-impact projects across domains."
95,Yash Gupta,yash.gupta22@outlook.com,+91-7627276995,Backend Developer,3.8,MBA Analytics,Dubai,"Deep Learning, GCP, Leadership, NumPy, CI/CD, Tableau","Motivated Backend Developer | 3 years exp | Key skills: Deep Learning, GCP, Leadership, NumPy, CI/CD. Education: MBA Analytics. Strong analytical and communication skills."
96,Aarav Gupta,aarav.gupta87@company.com,+91-8817865363,Data Scientist,4.2,B.E. Information Technology,Noida,"GCP, Kubernetes, Git, Pandas, NLP","Results-driven Data Scientist with 4+ years in the industry. Proficient in GCP, Kubernetes, Git, Pandas, NLP. Delivered multiple high-impact projects across domains."
97,Riya Trivedi,riya.trivedi78@gmail.com,+91-9714225802,ML Engineer,2.1,B.Tech Electronics,Gurgaon,"Spark, Kubernetes, Scikit-learn, GCP, Power BI, Python, Computer Vision, Django, DevOps, Airflow, Data Visualization, JavaScript","Experienced ML Engineer with 2 years of expertise in Spark, Kubernetes, Scikit-learn, GCP, Power BI. Passionate about building scalable systems and solving complex problems. Strong background in B.Tech Electronics."
98,Nikhil Saxena,nikhil.saxena74@company.com,+91-7087335169,ML Engineer,14.3,M.Tech Software Engineering,Noida,"Leadership, Deep Learning, Reinforcement Learning, GraphQL, REST API, AWS, Machine Learning, Django, SQL, Computer Vision","Results-driven ML Engineer with 14+ years in the industry. Proficient in Leadership, Deep Learning, Reinforcement Learning, GraphQL, REST API. Delivered multiple high-impact projects across domains."
99,Pallavi Mehta,pallavi.mehta15@outlook.com,+91-9345111169,Data Engineer,8.9,MBA Analytics,Mumbai,"Statistics, JavaScript, Microservices, Communication, Leadership, Reinforcement Learning, DevOps, NumPy, SQL","Senior Data Engineer with deep expertise in Statistics, JavaScript, Microservices, Communication, Leadership. 8 years of professional experience. Committed to data-driven decision making."
100,Akash Chatterjee,akash.chatterjee15@outlook.com,+91-8331765783,Data Analyst,1.1,M.Sc Data Science,Dubai,"Data Analysis, Java, Leadership, AWS, Deep Learning, Statistics, TypeScript, GCP, Django, NLP, Flask, Azure","Experienced Data Analyst with 1 years of expertise in Data Analysis, Java, Leadership, AWS, Deep Learning. Passionate about building scalable systems and solving complex problems. Strong background in M.Sc Data Science."
101,Vijay Shukla,vijay.shukla59@outlook.com,+91-7802373824,Deep Learning Researcher,6.3,B.Tech Electronics,Dubai,"CI/CD, Problem Solving, REST API, Scrum, Azure, TensorFlow, Power BI, Statistics, Reinforcement Learning, JavaScript, Java","Dynamic Deep Learning Researcher skilled in CI/CD, Problem Solving, REST API, Scrum, Azure. 6 years of hands-on experience. Graduated from B.Tech Electronics program. Looking for challenging opportunities."
102,Sakshi Mehta,sakshi.mehta67@company.com,+91-8830154607,ML Engineer,5.3,B.Sc Computer Science,Chennai,"CI/CD, Tableau, Django, DevOps, Deep Learning, Airflow","Motivated ML Engineer | 5 years exp | Key skills: CI/CD, Tableau, Django, DevOps, Deep Learning. Education: B.Sc Computer Science. Strong analytical and communication skills."
103,Siddharth Roy,siddharth.roy95@hotmail.com,+91-8560409439,Computer Vision Engineer,14.7,B.Tech Computer Science,Hyderabad,"Microservices, React, Machine Learning, Scikit-learn, Kafka, Tableau, Deep Learning, NumPy, SQL, Kubernetes, REST API, Spark","Senior Computer Vision Engineer with deep expertise in Microservices, React, Machine Learning, Scikit-learn, Kafka. 14 years of professional experience. Committed to data-driven decision making."
104,Kavya Singh,kavya.singh57@hotmail.com,+91-7330220406,Cloud Architect,2.7,B.Tech Electronics,Pune,"Scrum, REST API, Data Analysis, FastAPI, Statistics, Azure","Results-driven Cloud Architect with 2+ years in the industry. Proficient in Scrum, REST API, Data Analysis, FastAPI, Statistics. Delivered multiple high-impact projects across domains."
105,Deepa Patel,deepa.patel81@gmail.com,+91-8124322241,Business Intelligence Analyst,3.2,M.Tech Software Engineering,Kolkata,"DevOps, Tableau, Node.js, Computer Vision, GCP, Problem Solving, TypeScript, Pandas","Results-driven Business Intelligence Analyst with 3+ years in the industry. Proficient in DevOps, Tableau, Node.js, Computer Vision, GCP. Delivered multiple high-impact projects across domains."
106,Arjun Yadav,arjun.yadav97@outlook.com,+91-9868350055,Software Engineer,13.5,B.Tech Electronics,Hyderabad,"DevOps, SQL, C++, Java, GCP, Git, React, JavaScript, REST API","Motivated Software Engineer | 13 years exp | Key skills: DevOps, SQL, C++, Java, GCP. Education: B.Tech Electronics. Strong analytical and communication skills."
107,Lavanya Reddy,lavanya.reddy73@gmail.com,+91-8550038771,Data Analyst,12.0,M.Sc Data Science,London,"Spark, REST API, Communication, C++, NumPy, Computer Vision, TensorFlow, SQL, Git, Data Analysis, Leadership, Scrum","Senior Data Analyst with deep expertise in Spark, REST API, Communication, C++, NumPy. 12 years of professional experience. Committed to data-driven decision making."
108,Vivek Mishra,vivek.mishra92@gmail.com,+91-8932625737,Python Developer,8.8,B.E. Information Technology,Pune,"Microservices, Scrum, Django, NumPy, C++, Reinforcement Learning, Hadoop, JavaScript, Airflow, Power BI, Agile","Experienced Python Developer with 8 years of expertise in Microservices, Scrum, Django, NumPy, C++. Passionate about building scalable systems and solving complex problems. Strong background in B.E. Information Technology."
109,Deepa Joshi,deepa.joshi38@outlook.com,+91-9228649039,NLP Engineer,2.9,MBA Analytics,Dubai,"TensorFlow, AWS, TypeScript, Reinforcement Learning, C++, Azure, NumPy, Git","Motivated NLP Engineer | 2 years exp | Key skills: TensorFlow, AWS, TypeScript, Reinforcement Learning, C++. Education: MBA Analytics. Strong analytical and communication skills."
110,Simran Gupta,simran.gupta29@yahoo.com,+91-9829236141,Full Stack Developer,9.8,B.Tech AI & Data Science,Gurgaon,"Spark, Deep Learning, Machine Learning, TensorFlow, DevOps, Statistics, Airflow, AWS, Node.js","Motivated Full Stack Developer | 9 years exp | Key skills: Spark, Deep Learning, Machine Learning, TensorFlow, DevOps. Education: B.Tech AI & Data Science. Strong analytical and communication skills."
111,Riya Patel,riya.patel92@outlook.com,+91-9074232200,AI Researcher,13.4,M.Tech Software Engineering,Chennai,"Microservices, Data Analysis, Git, Communication, SQL, NLP, React","Senior AI Researcher with deep expertise in Microservices, Data Analysis, Git, Communication, SQL. 13 years of professional experience. Committed to data-driven decision making."
112,Riya Desai,riya.desai50@outlook.com,+91-8483355242,AI Researcher,3.5,B.Tech AI & Data Science,Mumbai,"NumPy, REST API, Agile, C++, PyTorch, FastAPI, Kubernetes, Communication, Pandas, Azure","Senior AI Researcher with deep expertise in NumPy, REST API, Agile, C++, PyTorch. 3 years of professional experience. Committed to data-driven decision making."
113,Manish Joshi,manish.joshi88@hotmail.com,+91-8066312714,ML Engineer,1.2,PhD Machine Learning,Singapore,"FastAPI, Spark, Airflow, TypeScript, React, Problem Solving","Motivated ML Engineer | 1 years exp | Key skills: FastAPI, Spark, Airflow, TypeScript, React. Education: PhD Machine Learning. Strong analytical and communication skills."
114,Rohit Rao,rohit.rao60@company.com,+91-8963790638,Deep Learning Researcher,5.0,B.Tech Computer Science,Hyderabad,"Node.js, Hadoop, Django, NLP, Microservices, GCP, Problem Solving","Motivated Deep Learning Researcher | 5 years exp | Key skills: Node.js, Hadoop, Django, NLP, Microservices. Education: B.Tech Computer Science. Strong analytical and communication skills."
115,Suresh Desai,suresh.desai27@outlook.com,+91-8571002995,NLP Engineer,8.3,M.Tech AI/ML,Kolkata,"REST API, Deep Learning, Data Analysis, NLP, Spark, C++, TypeScript, Airflow, Statistics, GCP","Experienced NLP Engineer with 8 years of expertise in REST API, Deep Learning, Data Analysis, NLP, Spark. Passionate about building scalable systems and solving complex problems. Strong background in M.Tech AI/ML."
116,Yash Yadav,yash.yadav88@gmail.com,+91-7552605034,Data Engineer,8.5,B.Tech AI & Data Science,Remote,"Data Analysis, REST API, Flask, C++, Scikit-learn","Results-driven Data Engineer with 8+ years in the industry. Proficient in Data Analysis, REST API, Flask, C++, Scikit-learn. Delivered multiple high-impact projects across domains."
117,Shruti Tiwari,shruti.tiwari52@hotmail.com,+91-9230517007,Full Stack Developer,1.1,B.Tech Computer Science,Mumbai,"Scikit-learn, Kafka, Agile, NumPy, FastAPI, Computer Vision, System Design, React, Data Analysis, Git, Flask","Motivated Full Stack Developer | 1 years exp | Key skills: Scikit-learn, Kafka, Agile, NumPy, FastAPI. Education: B.Tech Computer Science. Strong analytical and communication skills."
118,Pooja Rao,pooja.rao12@outlook.com,+91-8422663210,Business Intelligence Analyst,8.7,B.Tech Electronics,Singapore,"Data Visualization, Hadoop, Git, Airflow, CI/CD","Experienced Business Intelligence Analyst with 8 years of expertise in Data Visualization, Hadoop, Git, Airflow, CI/CD. Passionate about building scalable systems and solving complex problems. Strong background in B.Tech Electronics."
119,Shruti Desai,shruti.desai39@gmail.com,+91-9506213395,NLP Engineer,14.5,B.Tech AI & Data Science,Gurgaon,"React, Scrum, Reinforcement Learning, Computer Vision, GraphQL, Scikit-learn, Kubernetes, Deep Learning, Spark, Pandas, TypeScript","Experienced NLP Engineer with 14 years of expertise in React, Scrum, Reinforcement Learning, Computer Vision, GraphQL. Passionate about building scalable systems and solving complex problems. Strong background in B.Tech AI & Data Science."
120,Meera Pillai,meera.pillai74@company.com,+91-9025530021,DevOps Engineer,2.7,M.Sc Data Science,Kolkata,"DevOps, NumPy, Scrum, Node.js","Motivated DevOps Engineer | 2 years exp | Key skills: DevOps, NumPy, Scrum, Node.js. Education: M.Sc Data Science. Strong analytical and communication skills."
121,Sakshi Desai,sakshi.desai78@outlook.com,+91-9346225613,Full Stack Developer,6.0,B.E. Information Technology,Ahmedabad,"Microservices, Airflow, Statistics, AWS, Computer Vision, Leadership, TypeScript, Kubernetes, Azure","Motivated Full Stack Developer | 6 years exp | Key skills: Microservices, Airflow, Statistics, AWS, Computer Vision. Education: B.E. Information Technology. Strong analytical and communication skills."
122,Rahul Kapoor,rahul.kapoor72@outlook.com,+91-9060740001,NLP Engineer,11.7,M.Sc Data Science,San Francisco,"C++, Azure, GCP, Pandas, Spark, Java, GraphQL, Data Analysis, Django","Results-driven NLP Engineer with 11+ years in the industry. Proficient in C++, Azure, GCP, Pandas, Spark. Delivered multiple high-impact projects across domains."
123,Priya Singh,priya.singh66@outlook.com,+91-9057629778,NLP Engineer,14.4,M.Tech AI/ML,Pune,"TypeScript, Java, Azure, C++, CI/CD, NumPy, PyTorch","Motivated NLP Engineer | 14 years exp | Key skills: TypeScript, Java, Azure, C++, CI/CD. Education: M.Tech AI/ML. Strong analytical and communication skills."
124,Kunal Bose,kunal.bose91@yahoo.com,+91-7225447588,Data Analyst,1.2,M.Tech Software Engineering,Delhi,"Data Visualization, Flask, DevOps, Leadership, PyTorch","Results-driven Data Analyst with 1+ years in the industry. Proficient in Data Visualization, Flask, DevOps, Leadership, PyTorch. Delivered multiple high-impact projects across domains."
125,Aarav Shah,aarav.shah93@yahoo.com,+91-8233708056,DevOps Engineer,10.0,B.Tech Electronics,Ahmedabad,"GCP, Statistics, NLP, TensorFlow, DevOps, Spark, Docker, Java, Deep Learning","Results-driven DevOps Engineer with 10+ years in the industry. Proficient in GCP, Statistics, NLP, TensorFlow, DevOps. Delivered multiple high-impact projects across domains."
126,Riya Iyer,riya.iyer73@yahoo.com,+91-8243251189,Deep Learning Researcher,13.8,PhD Machine Learning,London,"Python, Git, Spark, Kafka","Experienced Deep Learning Researcher with 13 years of expertise in Python, Git, Spark, Kafka. Passionate about building scalable systems and solving complex problems. Strong background in PhD Machine Learning."
127,Tanvi Chatterjee,tanvi.chatterjee73@yahoo.com,+91-9165576952,AI Researcher,14.8,M.Tech Software Engineering,Noida,"Azure, TypeScript, Pandas, Flask, React, Communication, AWS, JavaScript, Python, Microservices, GCP","Motivated AI Researcher | 14 years exp | Key skills: Azure, TypeScript, Pandas, Flask, React. Education: M.Tech Software Engineering. Strong analytical and communication skills."
128,Rajesh Chopra,rajesh.chopra64@company.com,+91-8408434291,Software Engineer,9.4,PhD Machine Learning,Singapore,"Data Analysis, System Design, PyTorch, JavaScript, NumPy","Senior Software Engineer with deep expertise in Data Analysis, System Design, PyTorch, JavaScript, NumPy. 9 years of professional experience. Committed to data-driven decision making."
129,Sakshi Bose,sakshi.bose44@outlook.com,+91-8296847488,Data Scientist,4.3,M.Sc Data Science,Ahmedabad,"AWS, Statistics, REST API, CI/CD","Results-driven Data Scientist with 4+ years in the industry. Proficient in AWS, Statistics, REST API, CI/CD. Delivered multiple high-impact projects across domains."
130,Ananya Reddy,ananya.reddy74@outlook.com,+91-9964774623,AI Researcher,4.9,PhD Machine Learning,Remote,"Reinforcement Learning, GCP, REST API, Computer Vision, Docker","Results-driven AI Researcher with 4+ years in the industry. Proficient in Reinforcement Learning, GCP, REST API, Computer Vision, Docker. Delivered multiple high-impact projects across domains."
131,Farhan Desai,farhan.desai63@company.com,+91-9022191192,Software Engineer,7.1,B.Tech AI & Data Science,Pune,"System Design, Node.js, Kubernetes, Microservices, Kafka, TensorFlow, Scrum, Tableau, Reinforcement Learning, REST API, SQL, Pandas","Experienced Software Engineer with 7 years of expertise in System Design, Node.js, Kubernetes, Microservices, Kafka. Passionate about building scalable systems and solving complex problems. Strong background in B.Tech AI & Data Science."
132,Aditya Chopra,aditya.chopra76@hotmail.com,+91-7499247083,Cloud Architect,8.3,B.E. Information Technology,Pune,"DevOps, Hadoop, Problem Solving, TensorFlow, Agile, Tableau, NLP","Senior Cloud Architect with deep expertise in DevOps, Hadoop, Problem Solving, TensorFlow, Agile. 8 years of professional experience. Committed to data-driven decision making."
133,Farhan Mishra,farhan.mishra96@outlook.com,+91-7093503397,AI Researcher,8.7,M.Tech Software Engineering,Ahmedabad,"AWS, Python, Node.js, Hadoop, SQL, Deep Learning, Power BI, Django, System Design, Java","Experienced AI Researcher with 8 years of expertise in AWS, Python, Node.js, Hadoop, SQL. Passionate about building scalable systems and solving complex problems. Strong background in M.Tech Software Engineering."
134,Arjun Desai,arjun.desai27@hotmail.com,+91-8608297407,Data Scientist,4.7,B.E. Information Technology,London,"Tableau, GraphQL, DevOps, TensorFlow, System Design, Java, NumPy, Django, Pandas, JavaScript","Motivated Data Scientist | 4 years exp | Key skills: Tableau, GraphQL, DevOps, TensorFlow, System Design. Education: B.E. Information Technology. Strong analytical and communication skills."
135,Zara Nair,zara.nair12@outlook.com,+91-8988586594,Business Intelligence Analyst,14.7,B.Tech Computer Science,London,"Power BI, Java, GraphQL, Docker, Kubernetes, Communication, Django, Scikit-learn, Azure, TypeScript, Pandas, Deep Learning","Senior Business Intelligence Analyst with deep expertise in Power BI, Java, GraphQL, Docker, Kubernetes. 14 years of professional experience. Committed to data-driven decision making."
136,Vikram Patel,vikram.patel14@hotmail.com,+91-9567466567,Data Analyst,3.5,M.Tech AI/ML,Gurgaon,"Kubernetes, Deep Learning, Data Analysis, Tableau","Results-driven Data Analyst with 3+ years in the industry. Proficient in Kubernetes, Deep Learning, Data Analysis, Tableau. Delivered multiple high-impact projects across domains."
137,Simran Malhotra,simran.malhotra74@outlook.com,+91-8005716063,Data Engineer,13.0,B.Tech Computer Science,Mumbai,"Spark, Kafka, Microservices, FastAPI, Kubernetes, Git, Scikit-learn, Scrum, Docker","Senior Data Engineer with deep expertise in Spark, Kafka, Microservices, FastAPI, Kubernetes. 13 years of professional experience. Committed to data-driven decision making."
138,Rahul Roy,rahul.roy32@hotmail.com,+91-9387360437,Data Scientist,8.6,B.Tech AI & Data Science,Dubai,"NLP, Django, Statistics, System Design, GraphQL, Scrum, FastAPI, Data Visualization, Computer Vision, Scikit-learn, Git","Senior Data Scientist with deep expertise in NLP, Django, Statistics, System Design, GraphQL. 8 years of professional experience. Committed to data-driven decision making."
139,Ishaan Desai,ishaan.desai28@hotmail.com,+91-7247492925,Data Analyst,12.8,B.Sc Computer Science,Singapore,"Data Visualization, Airflow, C++, Scrum, NumPy, GraphQL, Kubernetes, AWS, Node.js, Flask, TensorFlow, Tableau","Dynamic Data Analyst skilled in Data Visualization, Airflow, C++, Scrum, NumPy. 12 years of hands-on experience. Graduated from B.Sc Computer Science program. Looking for challenging opportunities."
140,Bhavna Chopra,bhavna.chopra15@gmail.com,+91-7808155185,Data Scientist,4.4,B.Tech AI & Data Science,Gurgaon,"Node.js, Leadership, Airflow, Flask, Git, Python, CI/CD, TypeScript, Pandas, DevOps, Kubernetes, Reinforcement Learning","Senior Data Scientist with deep expertise in Node.js, Leadership, Airflow, Flask, Git. 4 years of professional experience. Committed to data-driven decision making."
141,Manish Pillai,manish.pillai93@outlook.com,+91-8324663629,Data Engineer,4.6,B.Tech Electronics,Noida,"REST API, Agile, Problem Solving, Communication, PyTorch, Leadership, FastAPI, Node.js","Dynamic Data Engineer skilled in REST API, Agile, Problem Solving, Communication, PyTorch. 4 years of hands-on experience. Graduated from B.Tech Electronics program. Looking for challenging opportunities."
142,Sakshi Mishra,sakshi.mishra28@gmail.com,+91-8120016279,Data Scientist,8.7,M.Sc Data Science,San Francisco,"Hadoop, Airflow, Data Visualization, GCP, Scikit-learn, TypeScript, Flask, Docker, GraphQL, Spark, Kubernetes, Problem Solving","Motivated Data Scientist | 8 years exp | Key skills: Hadoop, Airflow, Data Visualization, GCP, Scikit-learn. Education: M.Sc Data Science. Strong analytical and communication skills."
143,Suresh Menon,suresh.menon92@hotmail.com,+91-8979245480,NLP Engineer,11.6,B.Tech Electronics,San Francisco,"Airflow, Django, React, NumPy, Java, Problem Solving","Results-driven NLP Engineer with 11+ years in the industry. Proficient in Airflow, Django, React, NumPy, Java. Delivered multiple high-impact projects across domains."
144,Simran Kumar,simran.kumar95@gmail.com,+91-7027418321,Full Stack Developer,1.0,M.Tech AI/ML,Singapore,"NumPy, Reinforcement Learning, Docker, SQL, Scikit-learn, Python, Node.js, Agile, Communication, REST API","Experienced Full Stack Developer with 1 years of expertise in NumPy, Reinforcement Learning, Docker, SQL, Scikit-learn. Passionate about building scalable systems and solving complex problems. Strong background in M.Tech AI/ML."
145,Vikram Desai,vikram.desai80@hotmail.com,+91-7050899550,Computer Vision Engineer,7.6,B.Tech Computer Science,Noida,"Scrum, Airflow, Azure, Java","Dynamic Computer Vision Engineer skilled in Scrum, Airflow, Azure, Java. 7 years of hands-on experience. Graduated from B.Tech Computer Science program. Looking for challenging opportunities."
146,Aditi Shukla,aditi.shukla22@company.com,+91-7639509845,Data Engineer,14.1,B.E. Information Technology,Hyderabad,"TypeScript, Computer Vision, Scrum, AWS, Django, Azure, Data Analysis","Experienced Data Engineer with 14 years of expertise in TypeScript, Computer Vision, Scrum, AWS, Django. Passionate about building scalable systems and solving complex problems. Strong background in B.E. Information Technology."
147,Vijay Tiwari,vijay.tiwari97@gmail.com,+91-9807773530,AI Researcher,8.7,M.Sc Data Science,Chennai,"TensorFlow, Data Analysis, GraphQL, C++","Senior AI Researcher with deep expertise in TensorFlow, Data Analysis, GraphQL, C++. 8 years of professional experience. Committed to data-driven decision making."
148,Ananya Sharma,ananya.sharma65@outlook.com,+91-9430335702,Business Intelligence Analyst,3.0,B.Tech Electronics,Singapore,"Scrum, Deep Learning, Docker, Node.js, CI/CD","Motivated Business Intelligence Analyst | 3 years exp | Key skills: Scrum, Deep Learning, Docker, Node.js, CI/CD. Education: B.Tech Electronics. Strong analytical and communication skills."
149,Aisha Roy,aisha.roy79@company.com,+91-9826557688,Data Scientist,13.9,B.Sc Computer Science,Dubai,"JavaScript, FastAPI, Machine Learning, Node.js","Motivated Data Scientist | 13 years exp | Key skills: JavaScript, FastAPI, Machine Learning, Node.js. Education: B.Sc Computer Science. Strong analytical and communication skills."
150,Gaurav Tiwari,gaurav.tiwari40@company.com,+91-8671414897,Deep Learning Researcher,1.6,B.E. Information Technology,Gurgaon,"Flask, GraphQL, NumPy, TensorFlow, Agile, Django, NLP, PyTorch, Power BI, Docker, SQL, Airflow","Motivated Deep Learning Researcher | 1 years exp | Key skills: Flask, GraphQL, NumPy, TensorFlow, Agile. Education: B.E. Information Technology. Strong analytical and communication skills."
151,Vivek Tiwari,vivek.tiwari67@hotmail.com,+91-7979846924,Data Engineer,5.2,B.Sc Computer Science,London,"C++, GraphQL, Power BI, JavaScript, Hadoop, DevOps, TensorFlow, Computer Vision, GCP","Results-driven Data Engineer with 5+ years in the industry. Proficient in C++, GraphQL, Power BI, JavaScript, Hadoop. Delivered multiple high-impact projects across domains."
152,Amit Verma,amit.verma91@yahoo.com,+91-8673413661,ML Engineer,4.4,PhD Machine Learning,San Francisco,"REST API, PyTorch, TensorFlow, Python, Git, Tableau, Airflow, Azure, DevOps","Results-driven ML Engineer with 4+ years in the industry. Proficient in REST API, PyTorch, TensorFlow, Python, Git. Delivered multiple high-impact projects across domains."
153,Bhavna Iyer,bhavna.iyer62@gmail.com,+91-7112794026,DevOps Engineer,7.0,M.Tech Software Engineering,Noida,"Django, C++, TensorFlow, Kafka, FastAPI","Senior DevOps Engineer with deep expertise in Django, C++, TensorFlow, Kafka, FastAPI. 7 years of professional experience. Committed to data-driven decision making."
154,Aarav Chatterjee,aarav.chatterjee81@yahoo.com,+91-9456551333,DevOps Engineer,6.1,M.Tech AI/ML,San Francisco,"React, Microservices, GraphQL, Airflow, NumPy, Azure, Git, Statistics, Problem Solving, Scikit-learn, SQL, DevOps","Senior DevOps Engineer with deep expertise in React, Microservices, GraphQL, Airflow, NumPy. 6 years of professional experience. Committed to data-driven decision making."
155,Omkar Mishra,omkar.mishra42@yahoo.com,+91-9684499242,NLP Engineer,7.5,M.Tech AI/ML,Pune,"Kafka, Computer Vision, TypeScript, Communication, PyTorch, NumPy, Git, Python, Data Analysis, Flask, GraphQL","Dynamic NLP Engineer skilled in Kafka, Computer Vision, TypeScript, Communication, PyTorch. 7 years of hands-on experience. Graduated from M.Tech AI/ML program. Looking for challenging opportunities."
156,Meera Menon,meera.menon48@outlook.com,+91-9590772665,DevOps Engineer,12.3,B.Tech AI & Data Science,Mumbai,"Leadership, FastAPI, JavaScript, Data Analysis, DevOps, GCP, Reinforcement Learning","Senior DevOps Engineer with deep expertise in Leadership, FastAPI, JavaScript, Data Analysis, DevOps. 12 years of professional experience. Committed to data-driven decision making."
157,Kavya Bose,kavya.bose24@company.com,+91-7858134663,Backend Developer,6.0,PhD Machine Learning,Pune,"JavaScript, Microservices, C++, Machine Learning, Communication, Node.js, Tableau, GCP, SQL, Data Visualization, Problem Solving, NumPy","Dynamic Backend Developer skilled in JavaScript, Microservices, C++, Machine Learning, Communication. 6 years of hands-on experience. Graduated from PhD Machine Learning program. Looking for challenging opportunities."
158,Manish Das,manish.das58@gmail.com,+91-8928726872,Computer Vision Engineer,2.7,PhD Machine Learning,London,"Hadoop, Data Analysis, Java, Agile, Data Visualization, CI/CD, Deep Learning, REST API, Statistics, TensorFlow, PyTorch","Results-driven Computer Vision Engineer with 2+ years in the industry. Proficient in Hadoop, Data Analysis, Java, Agile, Data Visualization. Delivered multiple high-impact projects across domains."
159,Ankita Agarwal,ankita.agarwal92@hotmail.com,+91-8424196985,Software Engineer,9.9,B.Tech Computer Science,Gurgaon,"PyTorch, Python, Airflow, AWS, Docker, Agile, Scrum, C++, Hadoop, Spark","Results-driven Software Engineer with 9+ years in the industry. Proficient in PyTorch, Python, Airflow, AWS, Docker. Delivered multiple high-impact projects across domains."
160,Meera Saxena,meera.saxena74@yahoo.com,+91-8481623643,DevOps Engineer,7.2,B.Tech AI & Data Science,San Francisco,"Leadership, PyTorch, GCP, Data Visualization","Experienced DevOps Engineer with 7 years of expertise in Leadership, PyTorch, GCP, Data Visualization. Passionate about building scalable systems and solving complex problems. Strong background in B.Tech AI & Data Science."
161,Deepa Joshi,deepa.joshi36@company.com,+91-9074151376,Backend Developer,5.0,B.Tech Electronics,London,"Leadership, PyTorch, Tableau, CI/CD, FastAPI, SQL, Git, Deep Learning, Pandas","Experienced Backend Developer with 5 years of expertise in Leadership, PyTorch, Tableau, CI/CD, FastAPI. Passionate about building scalable systems and solving complex problems. Strong background in B.Tech Electronics."
162,Tanvi Mehta,tanvi.mehta32@company.com,+91-7687777633,Computer Vision Engineer,12.1,M.Sc Data Science,Noida,"C++, Power BI, Communication, Docker, Data Analysis, Reinforcement Learning, JavaScript, Statistics, DevOps","Senior Computer Vision Engineer with deep expertise in C++, Power BI, Communication, Docker, Data Analysis. 12 years of professional experience. Committed to data-driven decision making."
163,Aditi Chopra,aditi.chopra37@yahoo.com,+91-8195481928,AI Researcher,9.1,PhD Machine Learning,Bangalore,"Spark, PyTorch, Java, JavaScript, REST API","Dynamic AI Researcher skilled in Spark, PyTorch, Java, JavaScript, REST API. 9 years of hands-on experience. Graduated from PhD Machine Learning program. Looking for challenging opportunities."
164,Jaya Trivedi,jaya.trivedi91@outlook.com,+91-9563970187,ML Engineer,4.3,B.Tech Electronics,Noida,"Computer Vision, Data Analysis, Hadoop, Pandas, Django, System Design, Communication, Airflow, JavaScript, Git","Motivated ML Engineer | 4 years exp | Key skills: Computer Vision, Data Analysis, Hadoop, Pandas, Django. Education: B.Tech Electronics. Strong analytical and communication skills."
165,Rohan Gupta,rohan.gupta49@gmail.com,+91-7786170238,Computer Vision Engineer,2.4,M.Tech AI/ML,Delhi,"CI/CD, Scikit-learn, Agile, GraphQL, Data Visualization, Kafka, NumPy, Spark, Microservices","Senior Computer Vision Engineer with deep expertise in CI/CD, Scikit-learn, Agile, GraphQL, Data Visualization. 2 years of professional experience. Committed to data-driven decision making."
166,Ishaan Rao,ishaan.rao31@hotmail.com,+91-8240535933,Computer Vision Engineer,8.3,B.E. Information Technology,Noida,"JavaScript, FastAPI, Tableau, Computer Vision, NLP, Django","Experienced Computer Vision Engineer with 8 years of expertise in JavaScript, FastAPI, Tableau, Computer Vision, NLP. Passionate about building scalable systems and solving complex problems. Strong background in B.E. Information Technology."
167,Dev Nair,dev.nair93@hotmail.com,+91-8757218651,Data Analyst,12.3,M.Tech Software Engineering,Noida,"Data Visualization, DevOps, Tableau, Problem Solving, React, TensorFlow, Spark, Machine Learning, Docker, GCP, Deep Learning","Dynamic Data Analyst skilled in Data Visualization, DevOps, Tableau, Problem Solving, React. 12 years of hands-on experience. Graduated from M.Tech Software Engineering program. Looking for challenging opportunities."
168,Lavanya Chatterjee,lavanya.chatterjee73@company.com,+91-9193894984,Software Engineer,11.8,B.Tech AI & Data Science,San Francisco,"Spark, Pandas, Azure, Java, REST API","Motivated Software Engineer | 11 years exp | Key skills: Spark, Pandas, Azure, Java, REST API. Education: B.Tech AI & Data Science. Strong analytical and communication skills."
169,Tara Singh,tara.singh64@gmail.com,+91-9807498587,Data Engineer,10.9,M.Tech Software Engineering,Delhi,"Git, Deep Learning, Tableau, AWS, Django, TensorFlow, CI/CD","Experienced Data Engineer with 10 years of expertise in Git, Deep Learning, Tableau, AWS, Django. Passionate about building scalable systems and solving complex problems. Strong background in M.Tech Software Engineering."
170,Vivek Bose,vivek.bose54@company.com,+91-9717729159,Data Analyst,12.3,B.Tech AI & Data Science,San Francisco,"React, Computer Vision, NumPy, Node.js, Microservices, NLP, Spark, Django, Java, Azure","Motivated Data Analyst | 12 years exp | Key skills: React, Computer Vision, NumPy, Node.js, Microservices. Education: B.Tech AI & Data Science. Strong analytical and communication skills."
171,Simran Shah,simran.shah83@outlook.com,+91-9209395548,Backend Developer,14.7,B.Sc Computer Science,Chennai,"NumPy, Data Visualization, NLP, Azure, Statistics","Results-driven Backend Developer with 14+ years in the industry. Proficient in NumPy, Data Visualization, NLP, Azure, Statistics. Delivered multiple high-impact projects across domains."
172,Sneha Nair,sneha.nair41@hotmail.com,+91-9102209245,Data Analyst,2.6,MBA Analytics,Singapore,"Spark, Reinforcement Learning, Azure, DevOps, Data Visualization, GraphQL","Senior Data Analyst with deep expertise in Spark, Reinforcement Learning, Azure, DevOps, Data Visualization. 2 years of professional experience. Committed to data-driven decision making."
173,Arjun Gupta,arjun.gupta57@hotmail.com,+91-9096135091,DevOps Engineer,8.0,B.Sc Computer Science,San Francisco,"Hadoop, Python, TensorFlow, Communication, Reinforcement Learning, Django, SQL, Java, Data Analysis","Results-driven DevOps Engineer with 8+ years in the industry. Proficient in Hadoop, Python, TensorFlow, Communication, Reinforcement Learning. Delivered multiple high-impact projects across domains."
174,Siddharth Malhotra,siddharth.malhotra80@company.com,+91-7560898021,AI Researcher,4.4,B.Sc Computer Science,Pune,"Flask, Microservices, NLP, Deep Learning, PyTorch, Reinforcement Learning, Communication, Machine Learning, Pandas, React, Tableau","Senior AI Researcher with deep expertise in Flask, Microservices, NLP, Deep Learning, PyTorch. 4 years of professional experience. Committed to data-driven decision making."
175,Aarav Shukla,aarav.shukla93@outlook.com,+91-7682802977,Data Analyst,14.9,B.E. Information Technology,Dubai,"TensorFlow, Statistics, REST API, AWS, Airflow, CI/CD, React, NLP","Senior Data Analyst with deep expertise in TensorFlow, Statistics, REST API, AWS, Airflow. 14 years of professional experience. Committed to data-driven decision making."
176,Divya Mukherjee,divya.mukherjee93@gmail.com,+91-7408810792,Business Intelligence Analyst,10.6,M.Sc Data Science,Kolkata,"Node.js, Leadership, SQL, NumPy","Motivated Business Intelligence Analyst | 10 years exp | Key skills: Node.js, Leadership, SQL, NumPy. Education: M.Sc Data Science. Strong analytical and communication skills."
177,Lavanya Yadav,lavanya.yadav25@hotmail.com,+91-9980840461,Data Scientist,0.6,MBA Analytics,Singapore,"Leadership, SQL, Docker, GraphQL, TensorFlow, PyTorch","Experienced Data Scientist with 0 years of expertise in Leadership, SQL, Docker, GraphQL, TensorFlow. Passionate about building scalable systems and solving complex problems. Strong background in MBA Analytics."
178,Sakshi Saxena,sakshi.saxena27@yahoo.com,+91-7293825615,Deep Learning Researcher,4.8,PhD Machine Learning,London,"Spark, Python, Computer Vision, Statistics, React, Tableau, Django, Node.js, Scikit-learn, Data Visualization, Microservices, CI/CD","Experienced Deep Learning Researcher with 4 years of expertise in Spark, Python, Computer Vision, Statistics, React. Passionate about building scalable systems and solving complex problems. Strong background in PhD Machine Learning."
179,Chirag Nair,chirag.nair64@outlook.com,+91-7600566083,Data Engineer,2.3,PhD Machine Learning,Pune,"Azure, Statistics, TensorFlow, Kubernetes, C++, Kafka, DevOps","Motivated Data Engineer | 2 years exp | Key skills: Azure, Statistics, TensorFlow, Kubernetes, C++. Education: PhD Machine Learning. Strong analytical and communication skills."
180,Priya Patel,priya.patel76@company.com,+91-9188382776,Python Developer,12.8,B.Sc Computer Science,Delhi,"Data Analysis, GCP, Statistics, NLP, Kubernetes, Problem Solving, GraphQL","Experienced Python Developer with 12 years of expertise in Data Analysis, GCP, Statistics, NLP, Kubernetes. Passionate about building scalable systems and solving complex problems. Strong background in B.Sc Computer Science."
181,Manish Rao,manish.rao11@outlook.com,+91-8359239702,Computer Vision Engineer,9.1,M.Tech Software Engineering,Dubai,"GraphQL, Spark, Data Visualization, REST API, Java, JavaScript","Senior Computer Vision Engineer with deep expertise in GraphQL, Spark, Data Visualization, REST API, Java. 9 years of professional experience. Committed to data-driven decision making."
182,Vivek Verma,vivek.verma37@gmail.com,+91-7259711746,Data Scientist,9.0,B.Tech Computer Science,Chennai,"Agile, GCP, Reinforcement Learning, Airflow, Data Visualization, Power BI, Data Analysis, TensorFlow, Java, Kafka","Motivated Data Scientist | 9 years exp | Key skills: Agile, GCP, Reinforcement Learning, Airflow, Data Visualization. Education: B.Tech Computer Science. Strong analytical and communication skills."
183,Gaurav Roy,gaurav.roy36@yahoo.com,+91-9303778262,ML Engineer,5.0,M.Tech Software Engineering,Dubai,"Data Analysis, Hadoop, Reinforcement Learning, Statistics, Microservices, SQL, Git, Power BI, Kubernetes","Experienced ML Engineer with 5 years of expertise in Data Analysis, Hadoop, Reinforcement Learning, Statistics, Microservices. Passionate about building scalable systems and solving complex problems. Strong background in M.Tech Software Engineering."
184,Manish Gupta,manish.gupta87@gmail.com,+91-8328390707,Deep Learning Researcher,6.8,B.Tech Electronics,Gurgaon,"Pandas, Python, NumPy, DevOps, React, Problem Solving","Dynamic Deep Learning Researcher skilled in Pandas, Python, NumPy, DevOps, React. 6 years of hands-on experience. Graduated from B.Tech Electronics program. Looking for challenging opportunities."
185,Nikhil Das,nikhil.das25@gmail.com,+91-8438861395,Software Engineer,5.9,B.Sc Computer Science,San Francisco,"Azure, Scrum, SQL, AWS, Spark, Reinforcement Learning, CI/CD, Problem Solving, Communication, Agile","Dynamic Software Engineer skilled in Azure, Scrum, SQL, AWS, Spark. 5 years of hands-on experience. Graduated from B.Sc Computer Science program. Looking for challenging opportunities."
186,Ananya Rao,ananya.rao42@gmail.com,+91-9464934576,Python Developer,8.7,MBA Analytics,Mumbai,"Docker, Agile, Python, Deep Learning, Kubernetes","Experienced Python Developer with 8 years of expertise in Docker, Agile, Python, Deep Learning, Kubernetes. Passionate about building scalable systems and solving complex problems. Strong background in MBA Analytics."
187,Aisha Saxena,aisha.saxena14@company.com,+91-9816224192,DevOps Engineer,13.8,B.E. Information Technology,Dubai,"Docker, FastAPI, Kubernetes, Data Visualization, DevOps, Azure, SQL, Spark, REST API, Pandas","Motivated DevOps Engineer | 13 years exp | Key skills: Docker, FastAPI, Kubernetes, Data Visualization, DevOps. Education: B.E. Information Technology. Strong analytical and communication skills."
188,Rajesh Kumar,rajesh.kumar61@gmail.com,+91-8997564262,Software Engineer,3.7,M.Tech Software Engineering,Bangalore,"Git, FastAPI, TensorFlow, C++, Communication, Python, REST API, TypeScript","Dynamic Software Engineer skilled in Git, FastAPI, TensorFlow, C++, Communication. 3 years of hands-on experience. Graduated from M.Tech Software Engineering program. Looking for challenging opportunities."
189,Kavya Mukherjee,kavya.mukherjee85@hotmail.com,+91-7839332926,Business Intelligence Analyst,9.5,B.Tech Electronics,Pune,"Kubernetes, Scikit-learn, Python, Data Visualization, Machine Learning, Docker, Java, Django, CI/CD, Flask, Kafka, GraphQL","Dynamic Business Intelligence Analyst skilled in Kubernetes, Scikit-learn, Python, Data Visualization, Machine Learning. 9 years of hands-on experience. Graduated from B.Tech Electronics program. Looking for challenging opportunities."
190,Chirag Malhotra,chirag.malhotra17@yahoo.com,+91-8201840395,Full Stack Developer,14.8,PhD Machine Learning,Ahmedabad,"Deep Learning, Docker, Scrum, Data Visualization, CI/CD","Dynamic Full Stack Developer skilled in Deep Learning, Docker, Scrum, Data Visualization, CI/CD. 14 years of hands-on experience. Graduated from PhD Machine Learning program. Looking for challenging opportunities."
191,Rohit Gupta,rohit.gupta60@gmail.com,+91-9542172946,Cloud Architect,1.9,B.E. Information Technology,Remote,"Power BI, System Design, NumPy, Kubernetes","Dynamic Cloud Architect skilled in Power BI, System Design, NumPy, Kubernetes. 1 years of hands-on experience. Graduated from B.E. Information Technology program. Looking for challenging opportunities."
192,Neha Pillai,neha.pillai67@outlook.com,+91-8003352579,Deep Learning Researcher,12.1,MBA Analytics,Pune,"TypeScript, NumPy, Hadoop, PyTorch, Scikit-learn","Experienced Deep Learning Researcher with 12 years of expertise in TypeScript, NumPy, Hadoop, PyTorch, Scikit-learn. Passionate about building scalable systems and solving complex problems. Strong background in MBA Analytics."
193,Harsh Yadav,harsh.yadav55@yahoo.com,+91-8940969078,AI Researcher,5.1,M.Tech AI/ML,Noida,"Communication, AWS, Pandas, TensorFlow, React, Git, Kafka, Deep Learning","Results-driven AI Researcher with 5+ years in the industry. Proficient in Communication, AWS, Pandas, TensorFlow, React. Delivered multiple high-impact projects across domains."
194,Sakshi Joshi,sakshi.joshi75@gmail.com,+91-9908480456,ML Engineer,10.8,MBA Analytics,Kolkata,"AWS, JavaScript, Machine Learning, Data Analysis, Tableau, C++, Statistics, Kubernetes","Experienced ML Engineer with 10 years of expertise in AWS, JavaScript, Machine Learning, Data Analysis, Tableau. Passionate about building scalable systems and solving complex problems. Strong background in MBA Analytics."
195,Rohit Mehta,rohit.mehta17@yahoo.com,+91-7561417687,Data Engineer,12.0,M.Tech AI/ML,Bangalore,"Data Analysis, REST API, Microservices, Reinforcement Learning, Statistics, TensorFlow, Hadoop","Motivated Data Engineer | 12 years exp | Key skills: Data Analysis, REST API, Microservices, Reinforcement Learning, Statistics. Education: M.Tech AI/ML. Strong analytical and communication skills."
196,Neha Verma,neha.verma92@hotmail.com,+91-7553155490,Data Scientist,15.0,M.Sc Data Science,Dubai,"Flask, Pandas, Deep Learning, Communication, NLP","Results-driven Data Scientist with 15+ years in the industry. Proficient in Flask, Pandas, Deep Learning, Communication, NLP. Delivered multiple high-impact projects across domains."
197,Kavya Shukla,kavya.shukla58@hotmail.com,+91-7742201314,Python Developer,11.0,B.Tech Electronics,Bangalore,"Node.js, JavaScript, Azure, CI/CD, Tableau, Scikit-learn, Deep Learning, Computer Vision, Kubernetes","Dynamic Python Developer skilled in Node.js, JavaScript, Azure, CI/CD, Tableau. 11 years of hands-on experience. Graduated from B.Tech Electronics program. Looking for challenging opportunities."
198,Dev Mishra,dev.mishra45@hotmail.com,+91-7589424206,Deep Learning Researcher,8.5,B.Tech Computer Science,Hyderabad,"TypeScript, Statistics, Scrum, Kubernetes, Reinforcement Learning, Java, Machine Learning, GraphQL, Django, Leadership","Motivated Deep Learning Researcher | 8 years exp | Key skills: TypeScript, Statistics, Scrum, Kubernetes, Reinforcement Learning. Education: B.Tech Computer Science. Strong analytical and communication skills."
199,Dev Agarwal,dev.agarwal44@yahoo.com,+91-7111939600,Deep Learning Researcher,8.7,MBA Analytics,Kolkata,"Kafka, Docker, Machine Learning, Azure, NLP, Leadership, Scrum, Django, Hadoop","Results-driven Deep Learning Researcher with 8+ years in the industry. Proficient in Kafka, Docker, Machine Learning, Azure, NLP. Delivered multiple high-impact projects across domains."
200,Harsh Mehta,harsh.mehta17@yahoo.com,+91-9472578783,Data Analyst,10.0,B.Sc Computer Science,Noida,"Django, JavaScript, DevOps, Kubernetes, Hadoop, FastAPI, Airflow, System Design, Machine Learning, Reinforcement Learning","Motivated Data Analyst | 10 years exp | Key skills: Django, JavaScript, DevOps, Kubernetes, Hadoop. Education: B.Sc Computer Science. Strong analytical and communication skills."
